{
  "total_jumps": 2,
  "total_time": 36.01951551437378,
  "jumping_time": 36.018346071243286,
  "break_time": 0.001169443130493164,
  "max_speed": 12.0,
  "avg_speed": 3.3684210526315788,
  "speed_history": [
    [
      1.8436238765716553,
      0.0
    ],
    [
      3.2535336017608643,
      0.0
    ],
    [
      3.934100389480591,
      0.0
    ],
    [
      4.577533006668091,
      0.0
    ],
    [
      5.185903549194336,
      0.0
    ],
    [
      5.8305511474609375,
      0.0
    ],
    [
      6.464648723602295,
      0.0
    ],
    [
      7.09495210647583,
      0.0
    ],
    [
      7.757354974746704,
      12.0
    ],
    [
      8.453328609466553,
      12.0
    ],
    [
      9.071574926376343,
      12.0
    ],
    [
      9.716532468795776,
      12.0
    ],
    [
      10.349360466003418,
      12.0
    ],
    [
      10.980410099029541,
      12.0
    ],
    [
      11.616451263427734,
      12.0
    ],
    [
      12.23339581489563,
      0.0
    ],
    [
      12.947046756744385,
      0.0
    ],
    [
      13.55775785446167,
      0.0
    ],
    [
      14.175578594207764,
      0.0
    ],
    [
      14.803403854370117,
      0.0
    ],
    [
      15.436086893081665,
      0.0
    ],
    [
      16.066364765167236,
      0.0
    ],
    [
      16.69932723045349,
      0.0
    ],
    [
      17.30070972442627,
      0.0
    ],
    [
      17.945637464523315,
      0.0
    ],
    [
      18.56413197517395,
      0.0
    ],
    [
      19.217286586761475,
      0.0
    ],
    [
      19.842005729675293,
      0.0
    ],
    [
      20.476529836654663,
      0.0
    ],
    [
      21.106753826141357,
      0.0
    ],
    [
      21.72220754623413,
      0.0
    ],
    [
      22.31901478767395,
      0.0
    ],
    [
      22.9382221698761,
      12.0
    ],
    [
      23.66367793083191,
      12.0
    ],
    [
      24.35945439338684,
      12.0
    ],
    [
      24.841920375823975,
      12.0
    ],
    [
      25.313609838485718,
      12.0
    ],
    [
      25.791683673858643,
      12.0
    ],
    [
      26.263705730438232,
      12.0
    ],
    [
      26.73521399497986,
      12.0
    ],
    [
      27.206616640090942,
      12.0
    ],
    [
      27.681238412857056,
      0.0
    ],
    [
      28.158759117126465,
      0.0
    ],
    [
      28.62965154647827,
      0.0
    ],
    [
      29.100989818572998,
      0.0
    ],
    [
      29.57500195503235,
      0.0
    ],
    [
      30.04761028289795,
      0.0
    ],
    [
      30.5191810131073,
      0.0
    ],
    [
      30.992940425872803,
      0.0
    ],
    [
      31.467813730239868,
      0.0
    ],
    [
      31.969504594802856,
      0.0
    ],
    [
      32.458311319351196,
      0.0
    ],
    [
      32.95130968093872,
      0.0
    ],
    [
      33.45228052139282,
      0.0
    ],
    [
      34.33558893203735,
      0.0
    ],
    [
      35.20860743522644,
      0.0
    ],
    [
      35.68331480026245,
      0.0
    ]
  ],
  "timestamp": "2025-11-22 19:37:24"
}