{
  "total_jumps": 0,
  "total_time": 29.39322304725647,
  "jumping_time": 0,
  "break_time": 29.39322304725647,
  "max_speed": 0,
  "avg_speed": 0.0,
  "speed_history": [
    [
      2.11848783493042,
      0.0
    ],
    [
      3.520909070968628,
      0.0
    ],
    [
      4.311876535415649,
      0.0
    ],
    [
      4.877964973449707,
      0.0
    ],
    [
      5.364719390869141,
      0.0
    ],
    [
      5.772266149520874,
      0.0
    ],
    [
      6.2219157218933105,
      0.0
    ],
    [
      6.667465448379517,
      0.0
    ],
    [
      7.082406759262085,
      0.0
    ],
    [
      7.495978355407715,
      0.0
    ],
    [
      7.8837926387786865,
      0.0
    ],
    [
      8.279239177703857,
      0.0
    ],
    [
      8.660060405731201,
      0.0
    ],
    [
      9.049649953842163,
      0.0
    ],
    [
      9.45273232460022,
      0.0
    ],
    [
      9.843515634536743,
      0.0
    ],
    [
      10.286374568939209,
      0.0
    ],
    [
      10.780217170715332,
      0.0
    ],
    [
      11.29955768585205,
      0.0
    ],
    [
      12.021071672439575,
      0.0
    ],
    [
      12.585837602615356,
      0.0
    ],
    [
      13.239006280899048,
      0.0
    ],
    [
      13.887198448181152,
      0.0
    ],
    [
      14.518184661865234,
      0.0
    ],
    [
      15.164585828781128,
      0.0
    ],
    [
      15.782745838165283,
      0.0
    ],
    [
      16.419222354888916,
      0.0
    ],
    [
      17.033443450927734,
      0.0
    ],
    [
      17.663138151168823,
      0.0
    ],
    [
      18.300969123840332,
      0.0
    ],
    [
      18.927961826324463,
      0.0
    ],
    [
      19.558859825134277,
      0.0
    ],
    [
      20.19143319129944,
      0.0
    ],
    [
      20.82486367225647,
      0.0
    ],
    [
      21.437920808792114,
      0.0
    ],
    [
      22.041844129562378,
      0.0
    ],
    [
      22.67200994491577,
      0.0
    ],
    [
      23.288795471191406,
      0.0
    ],
    [
      23.984235048294067,
      0.0
    ],
    [
      24.573938369750977,
      0.0
    ],
    [
      25.181023597717285,
      0.0
    ],
    [
      26.014220476150513,
      0.0
    ],
    [
      26.58349919319153,
      0.0
    ],
    [
      27.05174160003662,
      0.0
    ],
    [
      27.860580921173096,
      0.0
    ],
    [
      28.339035272598267,
      0.0
    ],
    [
      28.82863473892212,
      0.0
    ],
    [
      29.302103519439697,
      0.0
    ]
  ],
  "timestamp": "2025-11-22 19:33:28"
}